,NJ,Jérôme,Sonia & Loïc,Gustavo
7 wonders duel + Panthéon,2,,Y,
Aeon's End,1-4,,,Y
Agent trouble,,Y,,
Bahamas,4-8,,Y,
Bang !,4-7,Y,Y,
Caractère 1,4-12,,,y
Caractère 2,4-12,,,Y
Celestia,2-6,,,y
Compagnons,2-4,y,,
Complots 1 et 2,2-8,,y,
CS Files,4-12,,y,
Culte,2-5,,y,
Demeter,1-100, ,,y
Dobble,,y,,y
Eclipse Second Dawn for the Galaxy,2-6,,y,
Ekö,2-4,y,,
Exploding kittens (+18),2-5,,y,
Fantasy,,y,,
For Sale,3-6,,,y
Galerapagos,3-12,y,,
Gangs of Lamas,2-4,,,y
Gangster city,1-6,,y,
Hanabi,2-5,y,,y
Hero realms,2-4,y,y,
Hero realms extension Ruines de Thandar,1-5,,y,
Horreur à Arkham,1-6,,y,
Horreur à Arkham LCG ,2,,y,
Inka,2-4,,,y
Kaba Yokawa,3-6,,,y
King of Tokyo,2-6,y,,y
La petite Mort,2-4,,y,
Le Trône de Fer : Intrigues à Westeros,2-6,,,y
Le Trône de Fer : La Main du Roi,,y,,
Les Loups-garous de Thiercelieux,,y,,y
Ligretto,2-8,y,,
Love letter,,y,y,
Mascarade,,y,,
Mito,,y,,
Munchkin,3-6,,y,
Munchkin extension 3,3-6,,y,
Munckin extension 2,3-6,,y,
Mysterium,2-7,,y,
Nessos,,y,,
One Deck Dungeons : Foret des ombres,2,,y,
Onitama,2,,,Y
Oriflamme,3-5,,,y
Oui Seigneur des Ténèbres ,4-6,,y,
Oui Seigneur des Ténèbres 2,4-16,,y,
Pandemic,2-4,y,,
Parks,1-5,,,Y
Quarto,2,y,,
Questions de merde, ,,y,
Res Arcana,,,,y
Robin Wood,,y,,
Room 25,,,,y
Salade 2 Points,2-6,,,y
Scythe,1-5,,y,
Shadow hunter,,y,,
Shy Monster's ,2,,y,
Skull,,y,,
Ta gueule, ,,y,
The Crew,3-5,,,y
The Game,,y,,
The Mind,2-4,,,y
The Resistance,5-10,,,y
Time Bomb,4-8,y,,
Toc Toc Toc,,y,,
Tokaido,2-5,,,Y
Trek 12,1-50,,,y
Verone,,y,,
Vilainous : la fin est proche,2-3,y,,
Wazabi,,y,,
What do you meme ?,,y,y,
When I dream,4-10,,y,
Wingspan,1-5,,y,
Wingspan extension Europe,1-5,,y,
Yakalaï,1-6,,,y